{"mean_pitch": 229.21357008330554, "std_pitch": 64.75448952660493, "mean_inten": 56.62355550749056, "std_inten": 5.452985085639332, "rate_of_speech": 2.071923324742268}