{"mean_pitch": 114.1430564193523, "std_pitch": 11.090336489326738, "mean_inten": 52.67429297102958, "std_inten": 6.711868856133431, "rate_of_speech": 2.31981380931364}